"sample_id","ground_truth_path","prediction_path","compile_success","load_success","chamfer_distance","hausdorff_distance","watertight_pred","euler_pred","eecm","sphericity_pred","sphericity_discrepancy","rotation_aligned","alignment_chamfer_distance","model","method_context","prompt_set","round_name","round_slug","level","difficulty","position_in_level_file","position_in_prompt_file","target_code","uid","source_stl","prompt","word_count","char_count","reference_model_path"
"UB40-B001","data/reference_models/stl/UB40-T001.stl","generated_outputs_not_included_in_release/open_loop/iteration3/deepseek_per_sample.csv","1","1","0.025103560096249422","0.06132213176853322","True","2.0","1.0","0.8575169351604589","0.006837248581705868","True","0.025103560096249422","deepseek","Open-loop Workflow","Retained40 open-loop prompt set aligned to retained reference models","Iteration3","iteration3","beginner","beginner","1","1","UB40-T001","UB40-T001","UB40-T001.stl","A vertically oriented circular frustum about 50 units tall, with a larger circular end of about 40 units in diameter and a slightly smaller circular end at the opposite side.","30","174","data/reference_models/stl/UB40-T001.stl"
"UB40-B002","data/reference_models/stl/UB40-T002.stl","generated_outputs_not_included_in_release/open_loop/iteration3/deepseek_per_sample.csv","1","1","0.009937061666595085","0.03060660140770549","True","2.0","1.0","0.12607313496967626","7.951920163240533e-05","True","0.009937061666595085","deepseek","Open-loop Workflow","Retained40 open-loop prompt set aligned to retained reference models","Iteration3","iteration3","beginner","beginner","2","2","UB40-T002","UB40-T002","UB40-T002.stl","A very thin plate with an almost square footprint of about 0.56 by 0.51 units and a thickness of only about 0.0066 units.","23","121","data/reference_models/stl/UB40-T002.stl"
"UB40-B003","data/reference_models/stl/UB40-T003.stl","generated_outputs_not_included_in_release/open_loop/iteration3/deepseek_per_sample.csv","1","1","0.013622101877735255","0.04493070131501786","True","2.0","1.0","0.7950071020482234","0.003654610560413496","False","0.013622101877735255","deepseek","Open-loop Workflow","Retained40 open-loop prompt set aligned to retained reference models","Iteration3","iteration3","beginner","beginner","3","3","UB40-T003","UB40-T003","UB40-T003.stl","A short solid cylinder about 0.56 units in diameter and about 0.23 units high.","14","78","data/reference_models/stl/UB40-T003.stl"
"UB40-B004","data/reference_models/stl/UB40-T004.stl","generated_outputs_not_included_in_release/open_loop/iteration3/deepseek_per_sample.csv","1","1","0.00969713802759191","0.06186700374813676","True","2.0","1.0","0.5499898647036267","0.0008685664443448537","False","0.00969713802759191","deepseek","Open-loop Workflow","Retained40 open-loop prompt set aligned to retained reference models","Iteration3","iteration3","beginner","beginner","4","4","UB40-T004","UB40-T004","UB40-T004.stl","A solid rectangular bar about 0.75 units long, 0.375 units wide, and 0.0938 units thick, with a single semicircular notch removed from the middle of one short side.","28","164","data/reference_models/stl/UB40-T004.stl"
"UB40-B005","data/reference_models/stl/UB40-T005.stl","generated_outputs_not_included_in_release/open_loop/iteration3/deepseek_per_sample.csv","1","1","0.021736726433209133","0.10742471213115751","True","2.0","0.0","0.5527352363097043","0.04065271189453645","True","0.021736726433209133","deepseek","Open-loop Workflow","Retained40 open-loop prompt set aligned to retained reference models","Iteration3","iteration3","beginner","beginner","5","5","UB40-T005","UB40-T005","UB40-T005.stl","A thin triangular mounting plate spanning about 0.56 by 0.54 units in plan and about 0.0758 units thick.","18","104","data/reference_models/stl/UB40-T005.stl"
"UB40-B006","data/reference_models/stl/UB40-T006.stl","generated_outputs_not_included_in_release/open_loop/iteration3/deepseek_per_sample.csv","1","1","0.023155980258472333","0.1292265572983719","True","2.0","0.0","0.5936801127402193","0.059507337662841664","False","0.023155980258472333","deepseek","Open-loop Workflow","Retained40 open-loop prompt set aligned to retained reference models","Iteration3","iteration3","beginner","beginner","6","6","UB40-T006","UB40-T006","UB40-T006.stl","A rectangular block about 80 by 50 by 30 units overall, with one large circular blind recess opened from the top face.","22","118","data/reference_models/stl/UB40-T006.stl"
"UB40-B007","data/reference_models/stl/UB40-T007.stl","generated_outputs_not_included_in_release/open_loop/iteration3/deepseek_per_sample.csv","1","1","0.06019184763929774","0.3018375650012688","False","1.0","0.0","2.526970173614136","1.9842254421076977","True","0.06019184763929774","deepseek","Open-loop Workflow","Retained40 open-loop prompt set aligned to retained reference models","Iteration3","iteration3","beginner","beginner","7","7","UB40-T007","UB40-T007","UB40-T007.stl","A thin tapered plate about 120 units long, 40 units wide, and 18 units thick, with a slightly trapezoidal outline.","20","114","data/reference_models/stl/UB40-T007.stl"
"UB40-B008","data/reference_models/stl/UB40-T008.stl","generated_outputs_not_included_in_release/open_loop/iteration3/deepseek_per_sample.csv","1","1","0.03132774480844706","0.14093075905863656","True","2.0","1.0","0.6507585249976774","0.07348542806425784","False","0.03132774480844706","deepseek","Open-loop Workflow","Retained40 open-loop prompt set aligned to retained reference models","Iteration3","iteration3","beginner","beginner","8","8","UB40-T008","UB40-T008","UB40-T008.stl","A stepped square pedestal with an overall footprint of about 0.75 by 0.75 units and a total height of about 0.60 units.","22","119","data/reference_models/stl/UB40-T008.stl"
"UB40-B009","data/reference_models/stl/UB40-T009.stl","generated_outputs_not_included_in_release/open_loop/iteration3/deepseek_per_sample.csv","1","1","0.05990317175464577","0.23933824403367815","True","0.0","1.0","0.6170989369694982","0.5053584429759381","True","0.05990317175464577","deepseek","Open-loop Workflow","Retained40 open-loop prompt set aligned to retained reference models","Iteration3","iteration3","beginner","beginner","9","9","UB40-T009","UB40-T009","UB40-T009.stl","A thin circular ring with an outer diameter of about 0.56 units and an overall thickness of about 0.1388 units.","20","111","data/reference_models/stl/UB40-T009.stl"
"UB40-B010","data/reference_models/stl/UB40-T010.stl","generated_outputs_not_included_in_release/open_loop/iteration3/deepseek_per_sample.csv","1","1","0.05999315290894197","0.3777966956192797","True","2.0","1.0","0.25218072834872374","0.09259995622718581","True","0.05999315290894197","deepseek","Open-loop Workflow","Retained40 open-loop prompt set aligned to retained reference models","Iteration3","iteration3","beginner","beginner","10","10","UB40-T010","UB40-T010","UB40-T010.stl","A narrow U-shaped frame occupying about 0.56 by 0.25 by 0.14 units overall.","13","75","data/reference_models/stl/UB40-T010.stl"
"UB40-B011","data/reference_models/stl/UB40-T011.stl","generated_outputs_not_included_in_release/open_loop/iteration3/deepseek_per_sample.csv","1","1","0.0033297775684665836","0.010243213606550925","True","2.0","1.0","0.4846454154049535","0.0004085174174777162","False","0.0033297775684665836","deepseek","Open-loop Workflow","Retained40 open-loop prompt set aligned to retained reference models","Iteration3","iteration3","beginner","beginner","11","11","UB40-T011","UB40-T011","UB40-T011.stl","A very slender straight cylindrical pin about 0.75 units long and about 0.043 units in diameter.","16","96","data/reference_models/stl/UB40-T011.stl"
"UB40-B012","data/reference_models/stl/UB40-T012.stl","generated_outputs_not_included_in_release/open_loop/iteration3/deepseek_per_sample.csv","1","1","0.012461857419699497","0.058400370307257254","True","2.0","1.0","0.37804267030981475","0.050685310376410386","False","0.012461857419699497","deepseek","Open-loop Workflow","Retained40 open-loop prompt set aligned to retained reference models","Iteration3","iteration3","beginner","beginner","12","12","UB40-T012","UB40-T012","UB40-T012.stl","A thin plate measuring about 0.56 by 0.47 units in plan and about 0.0375 units thick, with rounded outer corners.","20","113","data/reference_models/stl/UB40-T012.stl"
"UB40-B013","data/reference_models/stl/UB40-T013.stl","generated_outputs_not_included_in_release/open_loop/iteration3/deepseek_per_sample.csv","1","1","0.007165576565862739","0.022477881877651738","True","2.0","1.0","0.6605267173689253","0.0004649682470488914","False","0.007165576565862739","deepseek","Open-loop Workflow","Retained40 open-loop prompt set aligned to retained reference models","Iteration3","iteration3","beginner","beginner","13","13","UB40-T013","UB40-T013","UB40-T013.stl","An elongated capsule-shaped prism about 0.56 units long, 0.124 units wide, and 0.101 units thick.","15","97","data/reference_models/stl/UB40-T013.stl"
"UB40-B014","data/reference_models/stl/UB40-T014.stl","generated_outputs_not_included_in_release/open_loop/iteration3/deepseek_per_sample.csv","1","1","0.12248049271644575","0.4923838457707902","False","0.0","0.0","1.4472497670846611","0.7100942074470681","False","0.12248049271644575","deepseek","Open-loop Workflow","Retained40 open-loop prompt set aligned to retained reference models","Iteration3","iteration3","beginner","beginner","14","14","UB40-T014","UB40-T014","UB40-T014.stl","A thin solid prism extruded from a teardrop profile, fitting within about 0.243 by 0.243 units and having a thickness of about 0.08 units.","24","138","data/reference_models/stl/UB40-T014.stl"
"UB40-B015","data/reference_models/stl/UB40-T015.stl","generated_outputs_not_included_in_release/open_loop/iteration3/deepseek_per_sample.csv","1","1","0.04602782560117791","0.14439928781988984","True","2.0","1.0","0.8398182232952526","0.0585743685452248","True","0.04602782560117791","deepseek","Open-loop Workflow","Retained40 open-loop prompt set aligned to retained reference models","Iteration3","iteration3","beginner","beginner","15","15","UB40-T015","UB40-T015","UB40-T015.stl","A short solid cylinder about 80 units long and about 100 units in diameter, with one plain circular end and one concentric stepped circular end.","25","144","data/reference_models/stl/UB40-T015.stl"
"UB40-B016","data/reference_models/stl/UB40-T016.stl","generated_outputs_not_included_in_release/open_loop/iteration3/deepseek_per_sample.csv","1","1","0.045437449332390724","0.12095946226740913","True","-12.0","1.0","0.4144890056650296","0.011152446164569618","True","0.045437449332390724","deepseek","Open-loop Workflow","Retained40 open-loop prompt set aligned to retained reference models","Iteration3","iteration3","beginner","beginner","16","16","UB40-T016","UB40-T016","UB40-T016.stl","A circular flange-like part with an outer diameter of about 25.4 units and an overall axial depth of about 6.76 units, one large center hole, six smaller bolt holes, and a short coaxial hub on the rear side.","38","207","data/reference_models/stl/UB40-T016.stl"
"UB40-B017","data/reference_models/stl/UB40-T017.stl","generated_outputs_not_included_in_release/open_loop/iteration3/deepseek_per_sample.csv","1","1","0.00964685264576421","0.03409422813041821","True","2.0","0.0","0.39182346615943286","0.013257676881406999","True","0.00964685264576421","deepseek","Open-loop Workflow","Retained40 open-loop prompt set aligned to retained reference models","Iteration3","iteration3","beginner","beginner","17","17","UB40-T017","UB40-T017","UB40-T017.stl","A flat rectangular mounting plate about 250 units long, 150 units wide, and 16 units thick.","16","91","data/reference_models/stl/UB40-T017.stl"
"UB40-B018","data/reference_models/stl/UB40-T018.stl","generated_outputs_not_included_in_release/open_loop/iteration3/deepseek_per_sample.csv","1","1","0.004865789044607071","0.037172873615948156","True","2.0","0.0","0.5752874281383524","0.03143090637533197","True","0.004865789044607071","deepseek","Open-loop Workflow","Retained40 open-loop prompt set aligned to retained reference models","Iteration3","iteration3","beginner","beginner","18","18","UB40-T018","UB40-T018","UB40-T018.stl","A straight cylindrical rod about 163.8 units long and about 16 units in diameter, with flat circular ends.","18","106","data/reference_models/stl/UB40-T018.stl"
"UB40-B019","data/reference_models/stl/UB40-T019.stl","generated_outputs_not_included_in_release/open_loop/iteration3/deepseek_per_sample.csv","1","1","0.022705684764306885","0.16156303231033384","True","2.0","0.0","0.6893397003172681","0.09417016928464594","True","0.022705684764306885","deepseek","Open-loop Workflow","Retained40 open-loop prompt set aligned to retained reference models","Iteration3","iteration3","beginner","beginner","19","19","UB40-T019","UB40-T019","UB40-T019.stl","A plate-like solid about 108 units wide, 76.2 units tall, and 25.4 units thick, with a rectangular lower portion and a broad curved top edge.","25","141","data/reference_models/stl/UB40-T019.stl"
"UB40-B020","data/reference_models/stl/UB40-T020.stl","generated_outputs_not_included_in_release/open_loop/iteration3/deepseek_per_sample.csv","1","1","0.023895762688823777","0.1676019065911298","True","2.0","1.0","0.541699672916862","0.027700736858499275","False","0.023895762688823777","deepseek","Open-loop Workflow","Retained40 open-loop prompt set aligned to retained reference models","Iteration3","iteration3","beginner","beginner","20","20","UB40-T020","UB40-T020","UB40-T020.stl","A tall rectangular block about 76.2 by 50.8 units in footprint and about 152.4 units high, with a deep U-shaped slot cut downward from the top face.","27","148","data/reference_models/stl/UB40-T020.stl"
"UB40-B021","data/reference_models/stl/UB40-T021.stl","generated_outputs_not_included_in_release/open_loop/iteration3/deepseek_per_sample.csv","1","1","0.044736730139275004","0.16672258575203866","True","-2.0","0.0","0.33196165349007833","0.2139122946793915","True","0.044736730139275004","deepseek","Open-loop Workflow","Retained40 open-loop prompt set aligned to retained reference models","Iteration3","iteration3","beginner","beginner","21","21","UB40-T021","UB40-T021","UB40-T021.stl","A thin-walled bracket-like frame about 120 units long, 40 units high, and 21 units deep, with two end plates, a sloped top connection, a large open central window, a middle panel with a round hole, and small mounting holes.","39","223","data/reference_models/stl/UB40-T021.stl"
"UB40-B022","data/reference_models/stl/UB40-T022.stl","generated_outputs_not_included_in_release/open_loop/iteration3/deepseek_per_sample.csv","1","1","0.02170683021668954","0.17587470401182748","True","0.0","1.0","0.3386302316384111","0.0035518568102422265","True","0.02170683021668954","deepseek","Open-loop Workflow","Retained40 open-loop prompt set aligned to retained reference models","Iteration3","iteration3","beginner","beginner","22","22","UB40-T022","UB40-T022","UB40-T022.stl","A thin three-lobed ring-like plate about 300 by 277 units in plan and about 15 units thick, with a circular hole in the center.","24","127","data/reference_models/stl/UB40-T022.stl"
"UB40-B023","data/reference_models/stl/UB40-T023.stl","generated_outputs_not_included_in_release/open_loop/iteration3/deepseek_per_sample.csv","1","1","0.026755646641960902","0.08736435082114084","True","-12.0","1.0","0.4291091624213502","0.2453781318155174","True","0.026755646641960902","deepseek","Open-loop Workflow","Retained40 open-loop prompt set aligned to retained reference models","Iteration3","iteration3","beginner","beginner","23","23","UB40-T023","UB40-T023","UB40-T023.stl","A thin stepped mounting plate about 108 units long, 53.1 units wide, and 10.7 units thick, with one large central hole, four smaller holes around it, and one extra hole near each end.","33","183","data/reference_models/stl/UB40-T023.stl"
"UB40-B024","data/reference_models/stl/UB40-T024.stl","generated_outputs_not_included_in_release/open_loop/iteration3/deepseek_per_sample.csv","1","1","0.026234085747218742","0.20751662192909806","True","-8.0","0.0","0.3075751985789247","0.013471653702216146","False","0.026234085747218742","deepseek","Open-loop Workflow","Retained40 open-loop prompt set aligned to retained reference models","Iteration3","iteration3","beginner","beginner","24","24","UB40-T024","UB40-T024","UB40-T024.stl","A flat asymmetric plate about 193.8 by 160 units in plan and about 10 units thick, with five circular mounting holes and two long parallel slots in the forked end.","30","163","data/reference_models/stl/UB40-T024.stl"
"UB40-B025","data/reference_models/stl/UB40-T025.stl","generated_outputs_not_included_in_release/open_loop/iteration3/deepseek_per_sample.csv","0","0","","","","","","","","","","deepseek","Open-loop Workflow","Retained40 open-loop prompt set aligned to retained reference models","Iteration3","iteration3","beginner","beginner","25","25","UB40-T025","UB40-T025","UB40-T025.stl","A rounded rectangular hollow box about 230 units long, 130 units wide, and 45 units thick, with one large open side and one closed side.","25","136","data/reference_models/stl/UB40-T025.stl"
"UB40-B026","data/reference_models/stl/UB40-T026.stl","generated_outputs_not_included_in_release/open_loop/iteration3/deepseek_per_sample.csv","1","1","0.04211895715438208","0.15340269414113758","True","2.0","1.0","0.667843337935653","0.02630213401249204","True","0.04211895715438208","deepseek","Open-loop Workflow","Retained40 open-loop prompt set aligned to retained reference models","Iteration3","iteration3","beginner","beginner","26","26","UB40-T026","UB40-T026","UB40-T026.stl","A fastener-like part about 12.95 units high with a broad circular head around 10.5 units across and a short cylindrical shank beneath it.","23","137","data/reference_models/stl/UB40-T026.stl"
"UB40-B027","data/reference_models/stl/UB40-T027.stl","generated_outputs_not_included_in_release/open_loop/iteration3/deepseek_per_sample.csv","0","0","","","","","","","","","","deepseek","Open-loop Workflow","Retained40 open-loop prompt set aligned to retained reference models","Iteration3","iteration3","beginner","beginner","27","27","UB40-T027","UB40-T027","UB40-T027.stl","A helical compression spring with an outer diameter of about 8.63 units and a free length of about 8.70 units.","20","110","data/reference_models/stl/UB40-T027.stl"
"UB40-B028","data/reference_models/stl/UB40-T028.stl","generated_outputs_not_included_in_release/open_loop/iteration3/deepseek_per_sample.csv","1","1","0.03845623064443507","0.2488708657678232","False","1.0","0.0","0.755592059858935","0.18771554503944798","True","0.03845623064443507","deepseek","Open-loop Workflow","Retained40 open-loop prompt set aligned to retained reference models","Iteration3","iteration3","beginner","beginner","28","28","UB40-T028","UB40-T028","UB40-T028.stl","A hexagonal nut-like solid about 60 units across its outer corners, about 55.9 units across the flats, and about 30.6 units thick.","22","130","data/reference_models/stl/UB40-T028.stl"
"UB40-B029","data/reference_models/stl/UB40-T029.stl","generated_outputs_not_included_in_release/open_loop/iteration3/deepseek_per_sample.csv","1","1","0.038693817037535896","0.15039205319806898","True","-14.0","1.0","0.6302090412926549","0.151435208828135","True","0.038693817037535896","deepseek","Open-loop Workflow","Retained40 open-loop prompt set aligned to retained reference models","Iteration3","iteration3","beginner","beginner","29","29","UB40-T029","UB40-T029","UB40-T029.stl","A circular flange about 228.6 units in diameter and about 79.4 units high overall, with eight evenly spaced bolt holes and a broad cylindrical hub on the rear side.","29","164","data/reference_models/stl/UB40-T029.stl"
"UB40-B030","data/reference_models/stl/UB40-T030.stl","generated_outputs_not_included_in_release/open_loop/iteration3/deepseek_per_sample.csv","1","1","0.09886267288655118","0.4248112401169808","True","0.0","1.0","0.4127308066337641","0.08577429050649144","True","0.09886267288655118","deepseek","Open-loop Workflow","Retained40 open-loop prompt set aligned to retained reference models","Iteration3","iteration3","beginner","beginner","30","30","UB40-T030","UB40-T030","UB40-T030.stl","A bracket-like plate with an overall size of about 110 by 85 by 55 units, a large cylindrical boss with a center hole, a smaller round hole in the plate, and a deep side opening at one end.","38","189","data/reference_models/stl/UB40-T030.stl"
"UB40-B031","data/reference_models/stl/UB40-T031.stl","generated_outputs_not_included_in_release/open_loop/iteration3/deepseek_per_sample.csv","1","1","0.016261690158317903","0.1017472168464402","True","2.0","0.0","0.16082079363835777","0.032905058620051664","True","0.016261690158317903","deepseek","Open-loop Workflow","Retained40 open-loop prompt set aligned to retained reference models","Iteration3","iteration3","beginner","beginner","31","31","UB40-T031","UB40-T031","UB40-T031.stl","A long thin L-shaped bracket fitting inside an overall envelope of about 381 by 158.75 by 44.45 units, with one broad panel and one narrow perpendicular flange carrying four holes.","30","180","data/reference_models/stl/UB40-T031.stl"
"UB40-B032","data/reference_models/stl/UB40-T032.stl","generated_outputs_not_included_in_release/open_loop/iteration3/deepseek_per_sample.csv","0","0","","","","","","","","","","deepseek","Open-loop Workflow","Retained40 open-loop prompt set aligned to retained reference models","Iteration3","iteration3","beginner","beginner","32","32","UB40-T032","UB40-T032","UB40-T032.stl","A five-pointed star-shaped plate spanning about 138.6 by 123.8 units, with an overall height of about 32.0 units because of a short central cylindrical boss.","25","157","data/reference_models/stl/UB40-T032.stl"
"UB40-B033","data/reference_models/stl/UB40-T033.stl","generated_outputs_not_included_in_release/open_loop/iteration3/deepseek_per_sample.csv","1","1","0.06828575566770728","0.452268860772495","True","2.0","0.0","0.08638481298706871","0.21291417950192223","False","0.06828575566770728","deepseek","Open-loop Workflow","Retained40 open-loop prompt set aligned to retained reference models","Iteration3","iteration3","beginner","beginner","33","33","UB40-T033","UB40-T033","UB40-T033.stl","A shallow open tray-like structure with an overall footprint of about 420 by 260 units and a total height of about 325 units.","23","125","data/reference_models/stl/UB40-T033.stl"
"UB40-B034","data/reference_models/stl/UB40-T034.stl","generated_outputs_not_included_in_release/open_loop/iteration3/deepseek_per_sample.csv","0","0","","","","","","","","","","deepseek","Open-loop Workflow","Retained40 open-loop prompt set aligned to retained reference models","Iteration3","iteration3","beginner","beginner","34","34","UB40-T034","UB40-T034","UB40-T034.stl","A thin plate about 170 units long, 120 units wide, and 15 units thick, with a rounded-octagonal outer profile.","19","110","data/reference_models/stl/UB40-T034.stl"
"UB40-B035","data/reference_models/stl/UB40-T035.stl","generated_outputs_not_included_in_release/open_loop/iteration3/deepseek_per_sample.csv","1","1","0.037165169552713095","0.11951162798118756","True","2.0","1.0","0.7137112286177371","0.09961167121359749","True","0.037165169552713095","deepseek","Open-loop Workflow","Retained40 open-loop prompt set aligned to retained reference models","Iteration3","iteration3","beginner","beginner","35","35","UB40-T035","UB40-T035","UB40-T035.stl","A rotationally symmetric solid round part with an outer diameter of about 59.2 units and an axial length of about 27.9 units, formed by three overlapping coaxial circular discs or rims.","31","185","data/reference_models/stl/UB40-T035.stl"
"UB40-B036","data/reference_models/stl/UB40-T036.stl","generated_outputs_not_included_in_release/open_loop/iteration3/deepseek_per_sample.csv","0","0","","","","","","","","","","deepseek","Open-loop Workflow","Retained40 open-loop prompt set aligned to retained reference models","Iteration3","iteration3","beginner","beginner","36","36","UB40-T036","UB40-T036","UB40-T036.stl","A torus-like ring with an outer diameter of about 49.05 units and a rounded tube diameter of about 5.08 units.","20","110","data/reference_models/stl/UB40-T036.stl"
"UB40-B037","data/reference_models/stl/UB40-T037.stl","generated_outputs_not_included_in_release/open_loop/iteration3/deepseek_per_sample.csv","1","1","0.06866723175463335","0.2660517163931482","True","2.0","0.0","0.6678154724589408","0.43437435224469306","True","0.06866723175463335","deepseek","Open-loop Workflow","Retained40 open-loop prompt set aligned to retained reference models","Iteration3","iteration3","beginner","beginner","37","37","UB40-T037","UB40-T037","UB40-T037.stl","A bent angle bracket about 70 units long, 35 units high, and 20 units deep.","15","75","data/reference_models/stl/UB40-T037.stl"
"UB40-B038","data/reference_models/stl/UB40-T038.stl","generated_outputs_not_included_in_release/open_loop/iteration3/deepseek_per_sample.csv","1","1","0.053041743606856075","0.3160869949347543","True","2.0","1.0","0.767663317071005","0.15536265217601064","False","0.053041743606856075","deepseek","Open-loop Workflow","Retained40 open-loop prompt set aligned to retained reference models","Iteration3","iteration3","beginner","beginner","38","38","UB40-T038","UB40-T038","UB40-T038.stl","A tall upright block about 101.6 units high with a base envelope of about 50.8 by 50.8 units.","18","93","data/reference_models/stl/UB40-T038.stl"
"UB40-B039","data/reference_models/stl/UB40-T039.stl","generated_outputs_not_included_in_release/open_loop/iteration3/deepseek_per_sample.csv","1","1","0.02897337644387337","0.18866479676451398","True","0.0","0.0","0.6384360270935404","0.08704377846489586","False","0.02897337644387337","deepseek","Open-loop Workflow","Retained40 open-loop prompt set aligned to retained reference models","Iteration3","iteration3","beginner","beginner","39","39","UB40-T039","UB40-T039","UB40-T039.stl","A clevis-like block about 127 units long and about 50.8 by 50.8 units in the other two directions.","18","98","data/reference_models/stl/UB40-T039.stl"
"UB40-B040","data/reference_models/stl/UB40-T040.stl","generated_outputs_not_included_in_release/open_loop/iteration3/deepseek_per_sample.csv","1","1","0.06609705730385682","0.34912089681423814","True","2.0","0.0","0.35499490750030555","0.21855360604503155","True","0.06609705730385682","deepseek","Open-loop Workflow","Retained40 open-loop prompt set aligned to retained reference models","Iteration3","iteration3","beginner","beginner","40","40","UB40-T040","UB40-T040","UB40-T040.stl","A rigid bracket-like part about 79.9 units long, 50 units high, and 40 units deep.","15","82","data/reference_models/stl/UB40-T040.stl"
"UB40-E001","data/reference_models/stl/UB40-T001.stl","generated_outputs_not_included_in_release/open_loop/iteration3/deepseek_per_sample.csv","1","1","0.0563226476254281","0.14914860236626098","True","2.0","1.0","0.8363210706211435","0.028033113121021302","False","0.0563226476254281","deepseek","Open-loop Workflow","Retained40 open-loop prompt set aligned to retained reference models","Iteration3","iteration3","expert","expert","1","1","UB40-T001","UB40-T001","UB40-T001.stl","This part is a tall axisymmetric circular frustum contained within an overall envelope of roughly 40 by 40 by 50 units. It has a flat circular top face and a flat circular bottom face, both parallel to each other and centered on the same vertical axis, with the upper diameter slightly larger than the lower one. The side surface is a single continuous tapered wall with no breaks in slope, no cylindrical land, and no stepped transition anywhere along the height. The body remains a clean solid of revolution without holes, grooves, shoulders, ribs, collars, or any other secondary relief.","100","590","data/reference_models/stl/UB40-T001.stl"
"UB40-E002","data/reference_models/stl/UB40-T002.stl","generated_outputs_not_included_in_release/open_loop/iteration3/deepseek_per_sample.csv","1","1","0.009786694698619734","0.02584534880312236","True","2.0","1.0","0.125995599280908","1.9835128641509936e-06","False","0.009786694698619734","deepseek","Open-loop Workflow","Retained40 open-loop prompt set aligned to retained reference models","Iteration3","iteration3","expert","expert","2","2","UB40-T002","UB40-T002","UB40-T002.stl","This object is an extremely thin square-like plate measuring about 0.5625 units in length, 0.5087 units in width, and only about 0.0066 units in thickness. Its broad top and bottom faces are flat, parallel, and uninterrupted, while the four side faces drop straight down with no taper or chamfer. The plan outline is nearly rectangular, with corners that remain crisp rather than rounded, softened, or clipped. It is a plain wafer-like prismatic slab with no perforations, pockets, bosses, bevels, fillets, or surface texture of any kind.","86","538","data/reference_models/stl/UB40-T002.stl"
"UB40-E003","data/reference_models/stl/UB40-T003.stl","generated_outputs_not_included_in_release/open_loop/iteration3/deepseek_per_sample.csv","1","1","0.013090224538458085","0.04309216479567619","True","2.0","1.0","0.7913524918247866","3.369766687910669e-10","False","0.013090224538458085","deepseek","Open-loop Workflow","Retained40 open-loop prompt set aligned to retained reference models","Iteration3","iteration3","expert","expert","3","3","UB40-T003","UB40-T003","UB40-T003.stl","This part is a short solid cylinder with an overall diameter of about 0.5625 units and a height of about 0.2262 units. Both end faces are flat, circular, and parallel, and the exterior side wall keeps a constant radius over the full height instead of tapering inward or outward. The geometry is centered on one rotational axis and reads as a simple drum-like solid with uniform section. There is no central bore, recess, flange, groove, or attached secondary feature.","79","467","data/reference_models/stl/UB40-T003.stl"
"UB40-E004","data/reference_models/stl/UB40-T004.stl","generated_outputs_not_included_in_release/open_loop/iteration3/deepseek_per_sample.csv","1","1","0.012877800130916849","0.061505202916312486","True","2.0","1.0","0.5105330291026534","0.04032540204531809","True","0.012877800130916849","deepseek","Open-loop Workflow","Retained40 open-loop prompt set aligned to retained reference models","Iteration3","iteration3","expert","expert","4","4","UB40-T004","UB40-T004","UB40-T004.stl","This object is a rectangular bar approximately 0.75 units long, 0.375 units wide, and 0.0938 units thick. One short end contains a centered semicircular notch cut through the full thickness, so the opening is visible in both the top view and the side profile and removes material symmetrically about the width centerline. Aside from that one half-round cutout, the outer form stays fully prismatic, with planar faces and sharp orthogonal transitions. No additional holes, steps, pockets, fillets, or edge treatments appear anywhere else on the body.","86","549","data/reference_models/stl/UB40-T004.stl"
"UB40-E005","data/reference_models/stl/UB40-T005.stl","generated_outputs_not_included_in_release/open_loop/iteration3/deepseek_per_sample.csv","0","0","","","","","","","","","","deepseek","Open-loop Workflow","Retained40 open-loop prompt set aligned to retained reference models","Iteration3","iteration3","expert","expert","5","5","UB40-T005","UB40-T005","UB40-T005.stl","This part is a thin triangular mounting plate occupying about 0.542 by 0.559 units in plan and about 0.0758 units in thickness. The outer perimeter forms a rounded triangular outline rather than three sharp corners, and the plate thickness remains uniform across the entire body. Near each of the three corner regions there is one circular through-hole, giving a total of three holes distributed around the perimeter. Other than the softened outer boundary and the three perforations, the plate remains flat and featureless, with no raised pads, countersinks, slots, or local recesses.","92","585","data/reference_models/stl/UB40-T005.stl"
"UB40-E006","data/reference_models/stl/UB40-T006.stl","generated_outputs_not_included_in_release/open_loop/iteration3/deepseek_per_sample.csv","1","1","0.02273579739900059","0.1828343887491749","True","2.0","0.0","0.6119697795852841","0.04121767081777683","False","0.02273579739900059","deepseek","Open-loop Workflow","Retained40 open-loop prompt set aligned to retained reference models","Iteration3","iteration3","expert","expert","6","6","UB40-T006","UB40-T006","UB40-T006.stl","This object is a rectangular block with overall dimensions of roughly 80 by 50 by 30 units. Its dominant feature is one large circular blind recess opened from the top face; the recess is centered across the width, shifted toward one end along the length, and stops before reaching the bottom face. The surrounding top surface remains intact around the pocket rim, and the side and bottom faces keep a simple box-like appearance. No other bores, slots, step levels, or secondary cut features disturb the otherwise plain prismatic mass.","89","535","data/reference_models/stl/UB40-T006.stl"
"UB40-E007","data/reference_models/stl/UB40-T007.stl","generated_outputs_not_included_in_release/open_loop/iteration3/deepseek_per_sample.csv","1","1","0.011363029034710957","0.046477300762873146","True","-4.0","1.0","0.5470446869203182","0.004299955413879952","False","0.011363029034710957","deepseek","Open-loop Workflow","Retained40 open-loop prompt set aligned to retained reference models","Iteration3","iteration3","expert","expert","7","7","UB40-T007","UB40-T007","UB40-T007.stl","This part is a thin plate about 120 units long, 40 units wide, and 18 units thick, with a slightly tapered trapezoidal outline rather than a perfect rectangle. Three circular through-holes are placed along the long direction in a roughly collinear arrangement, spaced from one another in a visually regular way between the two ends. The broad faces remain flat and parallel, and the plate thickness appears constant despite the non-rectangular perimeter. There are no side pockets, bosses, corner cutaways, or additional perforations beyond that three-hole pattern.","87","565","data/reference_models/stl/UB40-T007.stl"
"UB40-E008","data/reference_models/stl/UB40-T008.stl","generated_outputs_not_included_in_release/open_loop/iteration3/deepseek_per_sample.csv","0","0","","","","","","","","","","deepseek","Open-loop Workflow","Retained40 open-loop prompt set aligned to retained reference models","Iteration3","iteration3","expert","expert","8","8","UB40-T008","UB40-T008","UB40-T008.stl","This object is a centered three-level square pedestal fitting within an overall envelope of about 0.75 by 0.75 by 0.60 units. The lowest level is a wide square base, the middle level is a smaller square platform centered on top of it, and the uppermost feature is a square pyramid whose four sloping triangular faces meet at a single apex. Each level is aligned with the same vertical center axis, so the whole form is symmetric about both principal plan directions. The geometry contains no holes, grooves, asymmetric cutouts, or decorative secondary features.","93","561","data/reference_models/stl/UB40-T008.stl"
"UB40-E009","data/reference_models/stl/UB40-T009.stl","generated_outputs_not_included_in_release/open_loop/iteration3/deepseek_per_sample.csv","1","1","0.04655889245625622","0.19396213365644518","True","0.0","1.0","0.535590803860574","0.4238503098670139","True","0.04655889245625622","deepseek","Open-loop Workflow","Retained40 open-loop prompt set aligned to retained reference models","Iteration3","iteration3","expert","expert","9","9","UB40-T009","UB40-T009","UB40-T009.stl","This part is a thin annular ring with an outer diameter of about 0.5625 units and an overall thickness of about 0.1388 units. A concentric circular opening passes through the full thickness, leaving a continuous annular band of material with a fairly even radial width all around. The top and bottom faces are flat and parallel, and both the inner and outer cylindrical surfaces remain smooth and uninterrupted. There are no spokes, tabs, flats, keyways, or any local break in the circular continuity.","83","501","data/reference_models/stl/UB40-T009.stl"
"UB40-E010","data/reference_models/stl/UB40-T010.stl","generated_outputs_not_included_in_release/open_loop/iteration3/deepseek_per_sample.csv","1","1","0.024948231192865378","0.07742715070809778","True","2.0","1.0","0.29306216072909047","0.051718523846819076","True","0.024948231192865378","deepseek","Open-loop Workflow","Retained40 open-loop prompt set aligned to retained reference models","Iteration3","iteration3","expert","expert","10","10","UB40-T010","UB40-T010","UB40-T010.stl","This object is a thin U-shaped open frame occupying roughly 0.5625 by 0.2507 by 0.1355 units overall. Its material wraps around three sides of a central rectangular opening, leaving the fourth side open, and each lower end extends slightly outward to form a short foot. The frame section stays uniform and prismatic, with flat top and bottom faces and straight side walls through the thickness. The shape includes no circular holes, layered steps, pockets, tabs, or added secondary bosses beyond the basic open frame and feet.","86","526","data/reference_models/stl/UB40-T010.stl"
"UB40-E011","data/reference_models/stl/UB40-T011.stl","generated_outputs_not_included_in_release/open_loop/iteration3/deepseek_per_sample.csv","1","1","0.003314137465657027","0.011230503775983794","True","2.0","1.0","0.4846454154049535","0.0004085174174777162","True","0.003314137465657027","deepseek","Open-loop Workflow","Retained40 open-loop prompt set aligned to retained reference models","Iteration3","iteration3","expert","expert","11","11","UB40-T011","UB40-T011","UB40-T011.stl","This part is a very slender cylindrical pin about 0.75 units long and about 0.043 units in diameter. The shaft maintains the same diameter from one end to the other, and both ends terminate in simple flat circular faces rather than pointed, rounded, or headed ends. Its geometry is entirely axisymmetric and visually minimal, reading as a plain straight rod. There are no grooves, tapers, collars, threads, cross-holes, or attached subfeatures.","71","444","data/reference_models/stl/UB40-T011.stl"
"UB40-E012","data/reference_models/stl/UB40-T012.stl","generated_outputs_not_included_in_release/open_loop/iteration3/deepseek_per_sample.csv","0","0","","","","","","","","","","deepseek","Open-loop Workflow","Retained40 open-loop prompt set aligned to retained reference models","Iteration3","iteration3","expert","expert","12","12","UB40-T012","UB40-T012","UB40-T012.stl","This object is a thin square-like plate about 0.5625 by 0.4688 units in plan and about 0.0375 units thick, with rounded outer corners. Near one corner of the top face, a large circular blind pocket is recessed downward, clearly offset from the plate center and leaving a solid floor beneath it rather than penetrating through. The pocket occupies a substantial area relative to the plate size, but the remaining surface stays flat and uninterrupted. No other holes, slots, pads, or edge modifications appear elsewhere on the body.","87","530","data/reference_models/stl/UB40-T012.stl"
"UB40-E013","data/reference_models/stl/UB40-T013.stl","generated_outputs_not_included_in_release/open_loop/iteration3/deepseek_per_sample.csv","1","1","0.007057385361411593","0.02442991436621372","True","2.0","1.0","0.6600873092856456","2.556016376920045e-05","False","0.007057385361411593","deepseek","Open-loop Workflow","Retained40 open-loop prompt set aligned to retained reference models","Iteration3","iteration3","expert","expert","13","13","UB40-T013","UB40-T013","UB40-T013.stl","This part is a capsule-shaped prism about 0.5625 units long, 0.1238 units wide, and 0.1014 units thick. In plan, it consists of two straight parallel long edges joined by semicircular ends of equal radius, producing a pill-like outline with full symmetry about its long centerline. The top and bottom faces are flat and parallel, and the thickness stays constant across the whole body. It is a plain solid with no perforations, recesses, notches, or local protrusions.","76","468","data/reference_models/stl/UB40-T013.stl"
"UB40-E014","data/reference_models/stl/UB40-T014.stl","generated_outputs_not_included_in_release/open_loop/iteration3/deepseek_per_sample.csv","0","0","","","","","","","","","","deepseek","Open-loop Workflow","Retained40 open-loop prompt set aligned to retained reference models","Iteration3","iteration3","expert","expert","14","14","UB40-T014","UB40-T014","UB40-T014.stl","This object is a thin prism based on a teardrop outline, fitting inside approximately 0.2428 by 0.2428 units and measuring about 0.08 units in thickness. One end is broad and smoothly rounded, while the opposite end narrows continuously until it resolves into a single sharp tip, so the outline is clearly directional rather than symmetric front-to-back. The top and bottom faces remain flat, and the side wall simply follows the changing perimeter through a constant thickness. No holes, bosses, side notches, or surface relief features are present.","87","550","data/reference_models/stl/UB40-T014.stl"
"UB40-E015","data/reference_models/stl/UB40-T015.stl","generated_outputs_not_included_in_release/open_loop/iteration3/deepseek_per_sample.csv","1","1","0.03584898519696636","0.12352665661404895","True","2.0","1.0","0.8109590391362509","0.08743355270422648","True","0.03584898519696636","deepseek","Open-loop Workflow","Retained40 open-loop prompt set aligned to retained reference models","Iteration3","iteration3","expert","expert","15","15","UB40-T015","UB40-T015","UB40-T015.stl","This part is a short rotationally symmetric cylindrical body about 80 units long and about 100 units in diameter. One end face is a plain circular disk, while the opposite end is a concentric stepped face with an outer annular rim surrounding a slightly inset inner circle. The outer side wall remains cylindrical rather than tapering continuously like a frustum, and the form stays centered on a single axis. There are no grooves, bores, collars, flanges, or non-axisymmetric details.","79","485","data/reference_models/stl/UB40-T015.stl"
"UB40-E016","data/reference_models/stl/UB40-T016.stl","generated_outputs_not_included_in_release/open_loop/iteration3/deepseek_per_sample.csv","1","1","0.022532689308279175","0.09197059909457331","True","-12.0","1.0","0.46633343500431174","0.04069198317471251","True","0.022532689308279175","deepseek","Open-loop Workflow","Retained40 open-loop prompt set aligned to retained reference models","Iteration3","iteration3","expert","expert","16","16","UB40-T016","UB40-T016","UB40-T016.stl","This object is a compact flange component with an outer diameter of about 25.4 units and an overall axial depth of about 6.76 units. The front plate contains one large centered through-hole and six smaller through-holes arranged evenly around it on a concentric bolt circle, producing a highly regular radial pattern. On the rear side, a short coaxial cylindrical hub rises from a broader circular shoulder, so the axial profile consists of multiple concentric diameters stacked along the same center axis. Aside from the six repeated bolt holes and the central opening, the body remains smooth, circular, and strongly rotationally organized.","101","642","data/reference_models/stl/UB40-T016.stl"
"UB40-E017","data/reference_models/stl/UB40-T017.stl","generated_outputs_not_included_in_release/open_loop/iteration3/deepseek_per_sample.csv","1","1","0.009559402634599652","0.03318354858756705","True","-6.0","1.0","0.3835935279128369","0.005027738634811041","True","0.009559402634599652","deepseek","Open-loop Workflow","Retained40 open-loop prompt set aligned to retained reference models","Iteration3","iteration3","expert","expert","17","17","UB40-T017","UB40-T017","UB40-T017.stl","This part is a flat rectangular mounting plate about 250 units long, 150 units wide, and 16 units thick. One circular through-hole lies near each corner, with all four holes inset from the outer edges and arranged symmetrically about both the lengthwise and widthwise centerlines. The broad faces are plain and flat, and the outer perimeter remains a simple rectangle with sharp corners. No center hole, slot, countersink, raised pad, or secondary surface modulation is present beyond the four corner perforations.","81","514","data/reference_models/stl/UB40-T017.stl"
"UB40-E018","data/reference_models/stl/UB40-T018.stl","generated_outputs_not_included_in_release/open_loop/iteration3/deepseek_per_sample.csv","1","1","0.004832528480636705","0.028663372120498767","True","2.0","0.0","0.5676334656299169","0.02377694386689644","True","0.004832528480636705","deepseek","Open-loop Workflow","Retained40 open-loop prompt set aligned to retained reference models","Iteration3","iteration3","expert","expert","18","18","UB40-T018","UB40-T018","UB40-T018.stl","This object is a straight cylindrical rod about 163.8 units long and 16 units in diameter. Near one end, a small transverse circular hole passes completely through the shaft, perpendicular to the main rod axis and cutting from one side of the cylinder to the opposite side. The remainder of the shaft stays smooth and constant in diameter, with flat circular end faces and no change in section along its length. There are no grooves, steps, heads, threads, or additional openings.","81","480","data/reference_models/stl/UB40-T018.stl"
"UB40-E019","data/reference_models/stl/UB40-T019.stl","generated_outputs_not_included_in_release/open_loop/iteration3/deepseek_per_sample.csv","1","1","0.022161983308290317","0.16116144178930658","True","-2.0","1.0","0.6418223724338553","0.04665284140123316","True","0.022161983308290317","deepseek","Open-loop Workflow","Retained40 open-loop prompt set aligned to retained reference models","Iteration3","iteration3","expert","expert","19","19","UB40-T019","UB40-T019","UB40-T019.stl","This part is a plate-like solid about 107.95 units wide, 76.2 units tall, and 25.4 units thick. The lower region reads as a rectangle, while the upper outline rises into a broad arch with softened upper corners, creating a sign-like silhouette rather than a plain box. Two circular through-holes occupy the upper left and upper right areas in approximately mirrored positions, leaving a solid bridge of material across the top center between them. Other than those two holes, the body remains a uniform-thickness plate with no extra cutouts, slots, or local bosses.","92","565","data/reference_models/stl/UB40-T019.stl"
"UB40-E020","data/reference_models/stl/UB40-T020.stl","generated_outputs_not_included_in_release/open_loop/iteration3/deepseek_per_sample.csv","0","0","","","","","","","","","","deepseek","Open-loop Workflow","Retained40 open-loop prompt set aligned to retained reference models","Iteration3","iteration3","expert","expert","20","20","UB40-T020","UB40-T020","UB40-T020.stl","This object is a tall rectangular block with an outer envelope of about 76.2 by 50.8 by 152.4 units. A deep U-shaped slot opens downward from the top face, removing material in the upper interior while leaving two upper prongs and still preserving the basic outer side walls in side view. The remaining outer faces stay flat, rectilinear, and unadorned, so the dominant contrast is between the simple box exterior and the top-entry slot. No circular holes, stepped shoulders, or additional side cutouts are present.","85","515","data/reference_models/stl/UB40-T020.stl"
"UB40-E021","data/reference_models/stl/UB40-T021.stl","generated_outputs_not_included_in_release/open_loop/iteration3/deepseek_per_sample.csv","0","0","","","","","","","","","","deepseek","Open-loop Workflow","Retained40 open-loop prompt set aligned to retained reference models","Iteration3","iteration3","expert","expert","21","21","UB40-T021","UB40-T021","UB40-T021.stl","This part is a thin-walled bracket frame approximately 120 units long, 40 units high, and 21 units deep. Two side walls are connected by a lower bridge and an upper web that slopes rather than staying horizontal, leaving a large open central window through the middle of the part. Inside that opening sits a narrower middle panel carrying one large circular opening together with four smaller surrounding holes, and each outer end plate contains one small hole. The rest of the frame members remain narrow and sheet-like rather than bulky and solid, so the form should read as a light structural bracket with substantial open void space, not as a closed block.","112","660","data/reference_models/stl/UB40-T021.stl"
"UB40-E022","data/reference_models/stl/UB40-T022.stl","generated_outputs_not_included_in_release/open_loop/iteration3/deepseek_per_sample.csv","1","1","0.03549144606573973","0.23743884369743","True","0.0","1.0","0.3189194220158223","0.016158952812346583","True","0.03549144606573973","deepseek","Open-loop Workflow","Retained40 open-loop prompt set aligned to retained reference models","Iteration3","iteration3","expert","expert","22","22","UB40-T022","UB40-T022","UB40-T022.stl","This object is a flat three-lobed washer-like plate about 299.75 by 276.72 units in plan and about 15 units thick. A circular through-hole sits at the exact center, the outer boundary swells outward into three rounded lobes, and the spaces between neighboring lobes are shaped by inward-curving concave arcs. The plate is relatively thin compared with its span, so the character of the part is defined mainly by its unusual outline in plan rather than by axial depth. No additional holes, bosses, ribs, or stepped thickness zones interrupt the otherwise uniform plate.","92","568","data/reference_models/stl/UB40-T022.stl"
"UB40-E023","data/reference_models/stl/UB40-T023.stl","generated_outputs_not_included_in_release/open_loop/iteration3/deepseek_per_sample.csv","1","1","0.026220592929559035","0.08645997699086558","True","-12.0","1.0","0.43737363014252356","0.25364259953669077","True","0.026220592929559035","deepseek","Open-loop Workflow","Retained40 open-loop prompt set aligned to retained reference models","Iteration3","iteration3","expert","expert","23","23","UB40-T023","UB40-T023","UB40-T023.stl","This part is an elongated mounting plate about 108 units long, 53.1 units wide, and 10.7 units thick. One large circular through-hole occupies the center region, four smaller circular holes are arranged around that central opening, and one extra mounting hole appears near each end, giving a total pattern that is denser in the middle than at the tips. The outer boundary is not a plain rectangle: shallow stepped changes along the side profile modify the silhouette while the overall body remains thin and plate-like. No deep pockets, protruding bosses, or non-circular slots are present.","95","589","data/reference_models/stl/UB40-T023.stl"
"UB40-E024","data/reference_models/stl/UB40-T024.stl","generated_outputs_not_included_in_release/open_loop/iteration3/deepseek_per_sample.csv","1","1","0.028132528436737216","0.22681019053417042","True","-8.0","0.0","0.3235402546359357","0.0024934023547948936","True","0.028132528436737216","deepseek","Open-loop Workflow","Retained40 open-loop prompt set aligned to retained reference models","Iteration3","iteration3","expert","expert","24","24","UB40-T024","UB40-T024","UB40-T024.stl","This object is a thin asymmetric plate about 193.76 by 160 units in plan and 10 units thick. Its perimeter includes a slanted side, a narrowed middle region, and a forked extension at one end, so the overall silhouette changes significantly from one side to the other rather than staying centrally symmetric. Five circular mounting holes are distributed across the broader body area, while the forked end contains two long parallel rounded-end slots separated by a solid web. The plate remains uniform in thickness and contains no extra raised levels or enclosed pockets beyond those through-features.","96","601","data/reference_models/stl/UB40-T024.stl"
"UB40-E025","data/reference_models/stl/UB40-T025.stl","generated_outputs_not_included_in_release/open_loop/iteration3/deepseek_per_sample.csv","1","1","0.02210880034355436","0.17938321709534755","False","3.0","0.0","0.1023787980740161","0.06315909618467815","True","0.02210880034355436","deepseek","Open-loop Workflow","Retained40 open-loop prompt set aligned to retained reference models","Iteration3","iteration3","expert","expert","25","25","UB40-T025","UB40-T025","UB40-T025.stl","This part is a thin-walled rectangular box-like shell about 230 units long, 130 units wide, and 45 units thick. In plan the perimeter reads as a rounded rectangle, and the vertical outer edges blend smoothly into the adjacent faces instead of remaining sharp. One large face opens into a hollow cavity, while the opposite large face remains closed, so the geometry should read as an open-sided container rather than one clean solid block. Outside that cavity, the exterior remains simple and free of perforations, steps, slots, or local protrusions.","89","549","data/reference_models/stl/UB40-T025.stl"
"UB40-E026","data/reference_models/stl/UB40-T026.stl","generated_outputs_not_included_in_release/open_loop/iteration3/deepseek_per_sample.csv","1","1","0.04519961122798184","0.1741144401000718","True","2.0","1.0","0.6500688606113284","0.008527656688167462","True","0.04519961122798184","deepseek","Open-loop Workflow","Retained40 open-loop prompt set aligned to retained reference models","Iteration3","iteration3","expert","expert","26","26","UB40-T026","UB40-T026","UB40-T026.stl","This object is a fastener-like part approximately 12.95 units tall, composed of a broad circular head about 10.5 units across and a shorter cylindrical shank beneath it. Centered in the top face of the head is a polygonal socket-like recess that remains fully enclosed within the head diameter and does not break the outer rim. The exterior profile is otherwise dominated by concentric circular forms, so the part remains mostly rotationally symmetric except for the non-circular socket shape in the top face. There are no side holes, knurled bands, threads, or auxiliary attachments.","93","584","data/reference_models/stl/UB40-T026.stl"
"UB40-E027","data/reference_models/stl/UB40-T027.stl","generated_outputs_not_included_in_release/open_loop/iteration3/deepseek_per_sample.csv","0","0","","","","","","","","","","deepseek","Open-loop Workflow","Retained40 open-loop prompt set aligned to retained reference models","Iteration3","iteration3","expert","expert","27","27","UB40-T027","UB40-T027","UB40-T027.stl","This part is a helical compression spring with an outer diameter of about 8.63 units and a free length of about 8.70 units. It is made from round wire wound into multiple evenly spaced turns around a central cylindrical void, creating a regular open helix rather than a solid tube. The coil pitch appears visually consistent along the body, and the two ends do not carry hooks, eyes, end caps, or flattened mounting features. The entire form should read as a plain compression spring with no attached hardware.","88","510","data/reference_models/stl/UB40-T027.stl"
"UB40-E028","data/reference_models/stl/UB40-T028.stl","generated_outputs_not_included_in_release/open_loop/iteration3/deepseek_per_sample.csv","1","1","0.03375169476284291","0.11862163168197784","True","0.0","1.0","0.6698633157114731","0.10198680089198608","True","0.03375169476284291","deepseek","Open-loop Workflow","Retained40 open-loop prompt set aligned to retained reference models","Iteration3","iteration3","expert","expert","28","28","UB40-T028","UB40-T028","UB40-T028.stl","This object is a regular hexagonal nut-like solid about 59.96 units across its corners, about 55.87 units across the flats, and about 30.63 units thick. A centered circular through-hole runs along the main axis, leaving a ring of material between the hole and each of the six flat outer faces. The top and bottom faces are flat and parallel, and the six side faces remain planar, equal, and evenly distributed around the axis. No chamfered entry, flange, side slot, or decorative secondary feature should be introduced.","86","519","data/reference_models/stl/UB40-T028.stl"
"UB40-E029","data/reference_models/stl/UB40-T029.stl","generated_outputs_not_included_in_release/open_loop/iteration3/deepseek_per_sample.csv","1","1","0.023202978850324348","0.0703497781526813","True","2.0","0.0","0.5271376794414625","0.048363846976942626","True","0.023202978850324348","deepseek","Open-loop Workflow","Retained40 open-loop prompt set aligned to retained reference models","Iteration3","iteration3","expert","expert","29","29","UB40-T029","UB40-T029","UB40-T029.stl","This part is a flange-type body with an outer diameter of about 228.6 units and a total axial height of about 79.38 units. Eight evenly spaced circular bolt holes are distributed around the outer flange plate near the perimeter, while a broad cylindrical hub projects from the rear center. The whole body is organized around one central axis, so the radial bolt pattern is the main repeating non-axisymmetric feature against an otherwise rotationally structured form. No spokes, side lugs, or irregular cutouts appear beyond the bolt-hole ring.","87","544","data/reference_models/stl/UB40-T029.stl"
"UB40-E030","data/reference_models/stl/UB40-T030.stl","generated_outputs_not_included_in_release/open_loop/iteration3/deepseek_per_sample.csv","1","1","0.06532192169271694","0.27591223993152963","True","-2.0","0.0","0.38913170861540014","0.1093733885248554","True","0.06532192169271694","deepseek","Open-loop Workflow","Retained40 open-loop prompt set aligned to retained reference models","Iteration3","iteration3","expert","expert","30","30","UB40-T030","UB40-T030","UB40-T030.stl","This object is a bracket-like plate-like solid bounded by an overall envelope of about 110 by 85 by 55 units. One side carries a large cylindrical boss with a centered through-hole, an adjacent plate region contains one smaller circular hole, and the opposite end is cut by a deep side opening that leaves separated upper and lower projections with a clear open gap. The form therefore combines a dominant bossed feature, a secondary hole, and one open-ended side cut rather than a simple rounded lug and solid block.","88","517","data/reference_models/stl/UB40-T030.stl"
"UB40-E031","data/reference_models/stl/UB40-T031.stl","generated_outputs_not_included_in_release/open_loop/iteration3/deepseek_per_sample.csv","1","1","0.007888676917477324","0.02064947737844338","True","-6.0","1.0","0.18658145079056263","0.0071444014678468115","True","0.007888676917477324","deepseek","Open-loop Workflow","Retained40 open-loop prompt set aligned to retained reference models","Iteration3","iteration3","expert","expert","31","31","UB40-T031","UB40-T031","UB40-T031.stl","This part is a right-angle bracket occupying roughly 381 by 158.75 by 44.45 units overall. A large rectangular panel forms the main wall, and along one side it joins to a narrower perpendicular flange containing four circular through-holes in a straight vertical line. The part behaves like a sheet-metal or plate bracket with fairly uniform thickness, so the emphasis is on the bent relationship between the two planar faces and the hole pattern in the side flange. No extra cutouts, embossments, ribs, or countersinks appear beyond those four holes.","89","551","data/reference_models/stl/UB40-T031.stl"
"UB40-E032","data/reference_models/stl/UB40-T032.stl","generated_outputs_not_included_in_release/open_loop/iteration3/deepseek_per_sample.csv","1","1","0.046220851317256124","0.11399786238584701","True","2.0","1.0","0.33414314169820775","0.20974763478366049","False","0.046220851317256124","deepseek","Open-loop Workflow","Retained40 open-loop prompt set aligned to retained reference models","Iteration3","iteration3","expert","expert","32","32","UB40-T032","UB40-T032","UB40-T032.stl","This object is a plate-like solid with a regular five-pointed star outline spanning about 138.56 by 123.81 units. Rising from the center of the top face is a short circular boss, so the star-shaped base remains thin while the total height increases locally at the middle. The boss is concentric with the star body and visually distinct from the pointed outer arms, producing a two-level composition of one thin plate and one centered cylindrical feature. No holes, recesses, or extra peripheral features interrupt the clean star perimeter.","87","539","data/reference_models/stl/UB40-T032.stl"
"UB40-E033","data/reference_models/stl/UB40-T033.stl","generated_outputs_not_included_in_release/open_loop/iteration3/deepseek_per_sample.csv","1","1","0.017656153098017265","0.047604301402882354","True","2.0","0.0","0.198452267222235","0.10084672526675595","False","0.017656153098017265","deepseek","Open-loop Workflow","Retained40 open-loop prompt set aligned to retained reference models","Iteration3","iteration3","expert","expert","33","33","UB40-T033","UB40-T033","UB40-T033.stl","This part is a shallow tray-like structure with a base footprint of about 420 by 260 units and a total height of about 325 units. A flat rectangular base occupies the bottom, and one slender upright post rises at each of the four corners, while the spaces between the posts remain open rather than being enclosed by continuous side walls. The vertical members are visually separated and read as supports, not as a boxed container shell. No internal partitions, covers, perforations, or additional framing layers appear beyond the base-and-four-post arrangement.","90","561","data/reference_models/stl/UB40-T033.stl"
"UB40-E034","data/reference_models/stl/UB40-T034.stl","generated_outputs_not_included_in_release/open_loop/iteration3/deepseek_per_sample.csv","1","1","0.016752952533608808","0.13329695108641926","True","-2.0","1.0","0.43982817450530587","0.014079195496933927","True","0.016752952533608808","deepseek","Open-loop Workflow","Retained40 open-loop prompt set aligned to retained reference models","Iteration3","iteration3","expert","expert","34","34","UB40-T034","UB40-T034","UB40-T034.stl","This object is a thin plate about 170 units long, 120 units wide, and 15 units thick, with a softened octagonal or rounded-rectangular outline. Two circular through-holes are positioned near opposite ends along the long axis, aligned with one another and leaving a substantial solid bridge of material in the central region. The outer perimeter stays smooth and continuous without sharp teeth or branching extensions, and the plate thickness remains uniform. No slots, side notches, secondary hole patterns, or raised features are present.","83","539","data/reference_models/stl/UB40-T034.stl"
"UB40-E035","data/reference_models/stl/UB40-T035.stl","generated_outputs_not_included_in_release/open_loop/iteration3/deepseek_per_sample.csv","1","1","0.04421084029361173","0.1345528686373995","True","2.0","1.0","0.2890114380659176","0.32508811933822196","True","0.04421084029361173","deepseek","Open-loop Workflow","Retained40 open-loop prompt set aligned to retained reference models","Iteration3","iteration3","expert","expert","35","35","UB40-T035","UB40-T035","UB40-T035.stl","This part is a rotationally symmetric round component with an outer diameter of about 59.21 units and an axial length of about 27.94 units. Three coaxial circular discs or rim-like flanges overlap around a shared solid center, creating a layered spool-like silhouette rather than a single monotonic tapered or stepped profile. Despite the layered outline, the body remains fully concentric and continuous. There are no cross-holes, spokes, cutouts, or non-circular interruptions anywhere in the part.","75","500","data/reference_models/stl/UB40-T035.stl"
"UB40-E036","data/reference_models/stl/UB40-T036.stl","generated_outputs_not_included_in_release/open_loop/iteration3/deepseek_per_sample.csv","1","1","0.007443535149569891","0.02550179556801045","True","0.0","1.0","0.4356764803779211","1.1185480851272356e-05","True","0.007443535149569891","deepseek","Open-loop Workflow","Retained40 open-loop prompt set aligned to retained reference models","Iteration3","iteration3","expert","expert","36","36","UB40-T036","UB40-T036","UB40-T036.stl","This object is a torus with an outer diameter of about 49.05 units and a rounded tube diameter of about 5.08 units. The ring is continuous and fully closed, with a circular centerline and a circular cross-section maintained consistently around the entire loop. Its surface is smooth in every direction, with no flat landing, split seam, attached tab, or locally altered segment. The geometry should read as a pure toroidal form and nothing more.","74","445","data/reference_models/stl/UB40-T036.stl"
"UB40-E037","data/reference_models/stl/UB40-T037.stl","generated_outputs_not_included_in_release/open_loop/iteration3/deepseek_per_sample.csv","1","1","0.023142520123802527","0.11306652226498859","True","-8.0","1.0","0.3759418256231798","0.14250070540893206","True","0.023142520123802527","deepseek","Open-loop Workflow","Retained40 open-loop prompt set aligned to retained reference models","Iteration3","iteration3","expert","expert","37","37","UB40-T037","UB40-T037","UB40-T037.stl","This part is a ninety-degree angle bracket about 70 units long, 35 units high, and 20 units deep. The horizontal flange contains three larger circular through-holes arranged in a row, while the vertical flange contains two smaller mounting holes, making the two legs functionally different despite sharing a consistent thickness. The bend between the flanges is clean and simple, and the bracket does not rely on ribs or gussets for reinforcement. No extra slots, counterbores, or secondary wall cutouts should be added.","82","520","data/reference_models/stl/UB40-T037.stl"
"UB40-E038","data/reference_models/stl/UB40-T038.stl","generated_outputs_not_included_in_release/open_loop/iteration3/deepseek_per_sample.csv","1","1","0.05321140531163322","0.35322202661262386","False","2.0","1.0","0.562171032307221","0.050129632587773365","False","0.05321140531163322","deepseek","Open-loop Workflow","Retained40 open-loop prompt set aligned to retained reference models","Iteration3","iteration3","expert","expert","38","38","UB40-T038","UB40-T038","UB40-T038.stl","This object is an upright block with overall dimensions of about 50.8 by 50.8 by 101.6 units. Its top edge slopes from one side to the other rather than remaining horizontal, and one side contains a deep rectangular recess that removes enough material to leave an L-shaped side profile. The recess is the dominant subtractive feature and should remain large and planar rather than being replaced with a narrow slot or small notch. Elsewhere the exterior stays plain, with no round holes, bosses, or added attachments.","86","517","data/reference_models/stl/UB40-T038.stl"
"UB40-E039","data/reference_models/stl/UB40-T039.stl","generated_outputs_not_included_in_release/open_loop/iteration3/deepseek_per_sample.csv","1","1","0.037771906518017095","0.18266491158113443","True","4.0","0.0","0.5159992583987065","0.035392990229938026","False","0.037771906518017095","deepseek","Open-loop Workflow","Retained40 open-loop prompt set aligned to retained reference models","Iteration3","iteration3","expert","expert","39","39","UB40-T039","UB40-T039","UB40-T039.stl","This part is a clevis-like block about 127 units long and about 50.8 by 50.8 units in the other two directions. One end becomes a rounded lug with a circular through-hole, and a top slot in that same end divides the material into two parallel arms, creating the characteristic clevis form. The opposite end remains a more solid rectangular mass without a matching split or additional perforations. The key visual relationship is between the solid rear block and the forked perforated front end.","83","494","data/reference_models/stl/UB40-T039.stl"
"UB40-E040","data/reference_models/stl/UB40-T040.stl","generated_outputs_not_included_in_release/open_loop/iteration3/deepseek_per_sample.csv","0","0","","","","","","","","","","deepseek","Open-loop Workflow","Retained40 open-loop prompt set aligned to retained reference models","Iteration3","iteration3","expert","expert","40","40","UB40-T040","UB40-T040","UB40-T040.stl","This object is a bracket-like solid about 79.86 units long, 50 units high, and 40 units deep. One end is rounded and contains a circular through-hole, the opposite end thickens into a terminal block, and a triangular support rib rises beneath the upper arm to brace the span. The angled void beneath the arm remains openly visible and should not be filled by extra connecting material, since that negative space is one of the defining features of the part. Aside from the through-hole and the structural rib, the body remains a compact bracket without additional local perforations or decorative detail.","100","603","data/reference_models/stl/UB40-T040.stl"
"UB40-I001","data/reference_models/stl/UB40-T001.stl","generated_outputs_not_included_in_release/open_loop/iteration3/deepseek_per_sample.csv","1","1","0.025243869985957974","0.0679283933990784","True","2.0","1.0","0.8575169352609492","0.006837248481215585","False","0.025243869985957974","deepseek","Open-loop Workflow","Retained40 open-loop prompt set aligned to retained reference models","Iteration3","iteration3","intermediate","intermediate","1","1","UB40-T001","UB40-T001","UB40-T001.stl","A tall circular frustum contained within an overall envelope of roughly 40 by 40 by 50 units. It has two flat parallel circular end faces, with the upper face slightly larger in diameter than the lower one, and the side wall transitions between them with a smooth, uniform taper.","49","279","data/reference_models/stl/UB40-T001.stl"
"UB40-I002","data/reference_models/stl/UB40-T002.stl","generated_outputs_not_included_in_release/open_loop/iteration3/deepseek_per_sample.csv","1","1","0.00986394703090286","0.030485815863983454","True","2.0","1.0","0.125995599280908","1.9835128641509936e-06","False","0.00986394703090286","deepseek","Open-loop Workflow","Retained40 open-loop prompt set aligned to retained reference models","Iteration3","iteration3","intermediate","intermediate","2","2","UB40-T002","UB40-T002","UB40-T002.stl","An extremely thin square-like plate measuring about 0.5625 units in length, 0.5087 units in width, and only about 0.0066 units in thickness. The top and bottom faces are flat and parallel, the side walls are straight, and the corners remain sharp rather than rounded.","44","267","data/reference_models/stl/UB40-T002.stl"
"UB40-I003","data/reference_models/stl/UB40-T003.stl","generated_outputs_not_included_in_release/open_loop/iteration3/deepseek_per_sample.csv","1","1","0.01308252175746002","0.042328727444266974","True","2.0","1.0","0.7913524918247866","3.369766687910669e-10","False","0.01308252175746002","deepseek","Open-loop Workflow","Retained40 open-loop prompt set aligned to retained reference models","Iteration3","iteration3","intermediate","intermediate","3","3","UB40-T003","UB40-T003","UB40-T003.stl","A short solid cylinder with an overall diameter of about 0.5625 units and a height of about 0.2262 units. Both circular ends are flat and parallel, and the side surface is a constant-radius cylindrical wall rather than a tapered frustum.","40","237","data/reference_models/stl/UB40-T003.stl"
"UB40-I004","data/reference_models/stl/UB40-T004.stl","generated_outputs_not_included_in_release/open_loop/iteration3/deepseek_per_sample.csv","1","1","0.017504195914922884","0.1944094356305131","True","2.0","1.0","0.5422426871779173","0.008615743970054157","True","0.017504195914922884","deepseek","Open-loop Workflow","Retained40 open-loop prompt set aligned to retained reference models","Iteration3","iteration3","intermediate","intermediate","4","4","UB40-T004","UB40-T004","UB40-T004.stl","A rectangular bar approximately 0.75 units long, 0.375 units wide, and 0.0938 units thick. One short side contains a centered semicircular notch that removes material through the full thickness, creating a clean half-round opening in the side profile.","38","251","data/reference_models/stl/UB40-T004.stl"
"UB40-I005","data/reference_models/stl/UB40-T005.stl","generated_outputs_not_included_in_release/open_loop/iteration3/deepseek_per_sample.csv","0","0","","","","","","","","","","deepseek","Open-loop Workflow","Retained40 open-loop prompt set aligned to retained reference models","Iteration3","iteration3","intermediate","intermediate","5","5","UB40-T005","UB40-T005","UB40-T005.stl","A thin triangular mounting plate occupying about 0.542 by 0.559 units in plan and about 0.0758 units in thickness. The outer triangular outline is softened by rounded corners instead of sharp vertices, and each corner region contains one circular through-hole.","40","260","data/reference_models/stl/UB40-T005.stl"
"UB40-I006","data/reference_models/stl/UB40-T006.stl","generated_outputs_not_included_in_release/open_loop/iteration3/deepseek_per_sample.csv","1","1","0.014389824178847887","0.11936081347287311","True","2.0","0.0","0.6842165730593981","0.03102912265633717","False","0.014389824178847887","deepseek","Open-loop Workflow","Retained40 open-loop prompt set aligned to retained reference models","Iteration3","iteration3","intermediate","intermediate","6","6","UB40-T006","UB40-T006","UB40-T006.stl","A rectangular block with overall dimensions of roughly 80 by 50 by 30 units. Its most prominent feature is one large circular blind recess opened from the top face; the recess is centered across the width, lies near the middle of the top face, and does not pass through to the bottom.","52","284","data/reference_models/stl/UB40-T006.stl"
"UB40-I007","data/reference_models/stl/UB40-T007.stl","generated_outputs_not_included_in_release/open_loop/iteration3/deepseek_per_sample.csv","1","1","0.01135526755498394","0.045886540526665534","True","-4.0","1.0","0.5470446869203182","0.004299955413879952","False","0.01135526755498394","deepseek","Open-loop Workflow","Retained40 open-loop prompt set aligned to retained reference models","Iteration3","iteration3","intermediate","intermediate","7","7","UB40-T007","UB40-T007","UB40-T007.stl","A thin plate about 120 units long, 40 units wide, and 18 units thick, with a slightly tapered trapezoidal outline rather than a perfect rectangle. Three circular through-holes are arranged along the long direction with roughly even spacing from one end to the other.","44","266","data/reference_models/stl/UB40-T007.stl"
"UB40-I008","data/reference_models/stl/UB40-T008.stl","generated_outputs_not_included_in_release/open_loop/iteration3/deepseek_per_sample.csv","1","1","0.02980851933332416","0.09746227463196927","True","2.0","1.0","0.7001485126914295","0.024095440370505705","False","0.02980851933332416","deepseek","Open-loop Workflow","Retained40 open-loop prompt set aligned to retained reference models","Iteration3","iteration3","intermediate","intermediate","8","8","UB40-T008","UB40-T008","UB40-T008.stl","A centered three-level square pedestal fitting within an overall envelope of about 0.75 by 0.75 by 0.60 units. The lowest portion is a broad square base, above which sits a smaller centered square tier, and the topmost feature is a square pyramid with four sloping triangular faces converging at a single apex.","52","310","data/reference_models/stl/UB40-T008.stl"
"UB40-I009","data/reference_models/stl/UB40-T009.stl","generated_outputs_not_included_in_release/open_loop/iteration3/deepseek_per_sample.csv","1","1","0.05308090722792884","0.23881372537184728","True","0.0","1.0","0.5690636818076328","0.45732318781407266","True","0.05308090722792884","deepseek","Open-loop Workflow","Retained40 open-loop prompt set aligned to retained reference models","Iteration3","iteration3","intermediate","intermediate","9","9","UB40-T009","UB40-T009","UB40-T009.stl","A thin annular ring with an outer diameter of about 0.5625 units and an overall thickness of about 0.1388 units. The inner circular opening is concentric with the outer boundary, leaving a uniform annular band all around.","37","221","data/reference_models/stl/UB40-T009.stl"
"UB40-I010","data/reference_models/stl/UB40-T010.stl","generated_outputs_not_included_in_release/open_loop/iteration3/deepseek_per_sample.csv","1","1","0.024173501240440567","0.07527933459079163","True","2.0","1.0","0.24861224914905844","0.0961684354268511","True","0.024173501240440567","deepseek","Open-loop Workflow","Retained40 open-loop prompt set aligned to retained reference models","Iteration3","iteration3","intermediate","intermediate","10","10","UB40-T010","UB40-T010","UB40-T010.stl","A thin U-shaped open frame occupying roughly 0.5625 by 0.2507 by 0.1355 units overall. Its material traces around three sides of a rectangular opening, leaving one side open, and the two lower ends terminate in short outward-projecting feet.","38","241","data/reference_models/stl/UB40-T010.stl"
"UB40-I011","data/reference_models/stl/UB40-T011.stl","generated_outputs_not_included_in_release/open_loop/iteration3/deepseek_per_sample.csv","1","1","0.003277292340186203","0.010853188729423095","True","2.0","1.0","0.4846454154049534","0.0004085174174778272","True","0.003277292340186203","deepseek","Open-loop Workflow","Retained40 open-loop prompt set aligned to retained reference models","Iteration3","iteration3","intermediate","intermediate","11","11","UB40-T011","UB40-T011","UB40-T011.stl","A very slender cylindrical pin about 0.75 units long and about 0.043 units in diameter. The shaft diameter remains constant from one end to the other, and both ends are flat circular faces.","33","189","data/reference_models/stl/UB40-T011.stl"
"UB40-I012","data/reference_models/stl/UB40-T012.stl","generated_outputs_not_included_in_release/open_loop/iteration3/deepseek_per_sample.csv","0","0","","","","","","","","","","deepseek","Open-loop Workflow","Retained40 open-loop prompt set aligned to retained reference models","Iteration3","iteration3","intermediate","intermediate","12","12","UB40-T012","UB40-T012","UB40-T012.stl","A thin square-like plate about 0.5625 by 0.4688 units in plan and about 0.0375 units thick, with rounded outer corners. Near one corner of the top face there is a large circular blind pocket, clearly offset from the plate center and recessed downward without penetrating the bottom face.","48","287","data/reference_models/stl/UB40-T012.stl"
"UB40-I013","data/reference_models/stl/UB40-T013.stl","generated_outputs_not_included_in_release/open_loop/iteration3/deepseek_per_sample.csv","1","1","0.007030627150278025","0.024886534802171546","True","2.0","1.0","0.6600873092856456","2.556016376920045e-05","False","0.007030627150278025","deepseek","Open-loop Workflow","Retained40 open-loop prompt set aligned to retained reference models","Iteration3","iteration3","intermediate","intermediate","13","13","UB40-T013","UB40-T013","UB40-T013.stl","A capsule-shaped prism about 0.5625 units long, 0.1238 units wide, and 0.1014 units thick. Its outline consists of two straight parallel long edges joined by semicircular ends of equal radius, giving it a pill-like plan shape.","36","226","data/reference_models/stl/UB40-T013.stl"
"UB40-I014","data/reference_models/stl/UB40-T014.stl","generated_outputs_not_included_in_release/open_loop/iteration3/deepseek_per_sample.csv","1","1","0.034474913634466316","0.20678073239460257","True","2.0","1.0","0.757229678823706","0.020074119186112904","True","0.034474913634466316","deepseek","Open-loop Workflow","Retained40 open-loop prompt set aligned to retained reference models","Iteration3","iteration3","intermediate","intermediate","14","14","UB40-T014","UB40-T014","UB40-T014.stl","A thin prism based on a teardrop outline, fitting inside approximately 0.2428 by 0.2428 units and measuring about 0.08 units in thickness. One end is broad and rounded, while the opposite end narrows continuously to a single pointed tip.","39","237","data/reference_models/stl/UB40-T014.stl"
"UB40-I015","data/reference_models/stl/UB40-T015.stl","generated_outputs_not_included_in_release/open_loop/iteration3/deepseek_per_sample.csv","1","1","0.031109398174345382","0.10512206590870878","True","2.0","1.0","0.8284691278508721","0.06992346398960525","True","0.031109398174345382","deepseek","Open-loop Workflow","Retained40 open-loop prompt set aligned to retained reference models","Iteration3","iteration3","intermediate","intermediate","15","15","UB40-T015","UB40-T015","UB40-T015.stl","A short rotationally symmetric cylinder about 80 units long and about 100 units in diameter. One circular end is plain and flat, while the opposite circular end has a concentric stepped face with an outer annular rim around a slightly inset inner circle.","43","254","data/reference_models/stl/UB40-T015.stl"
"UB40-I016","data/reference_models/stl/UB40-T016.stl","generated_outputs_not_included_in_release/open_loop/iteration3/deepseek_per_sample.csv","1","1","0.04386300225675378","0.17129526832611575","True","-12.0","1.0","0.438805855605485","0.013164403775885791","True","0.04386300225675378","deepseek","Open-loop Workflow","Retained40 open-loop prompt set aligned to retained reference models","Iteration3","iteration3","intermediate","intermediate","16","16","UB40-T016","UB40-T016","UB40-T016.stl","A compact flange component with an outer diameter of about 25.4 units and an overall axial depth of about 6.76 units. The front plate contains one large centered through-hole and six smaller through-holes distributed evenly around it on a circular bolt pattern.","42","261","data/reference_models/stl/UB40-T016.stl"
"UB40-I017","data/reference_models/stl/UB40-T017.stl","generated_outputs_not_included_in_release/open_loop/iteration3/deepseek_per_sample.csv","1","1","0.009494606256078224","0.032022236151516226","True","-6.0","1.0","0.38359352791283696","0.005027738634811096","True","0.009494606256078224","deepseek","Open-loop Workflow","Retained40 open-loop prompt set aligned to retained reference models","Iteration3","iteration3","intermediate","intermediate","17","17","UB40-T017","UB40-T017","UB40-T017.stl","A flat rectangular mounting plate about 250 units long, 150 units wide, and 16 units thick. One circular through-hole sits near each corner, with the four holes inset from the outer edges and arranged symmetrically relative to the plate centerlines.","40","249","data/reference_models/stl/UB40-T017.stl"
"UB40-I018","data/reference_models/stl/UB40-T018.stl","generated_outputs_not_included_in_release/open_loop/iteration3/deepseek_per_sample.csv","1","1","0.004892308225397138","0.027653452451057516","True","0.0","1.0","0.5617471245567028","0.017890602793682375","True","0.004892308225397138","deepseek","Open-loop Workflow","Retained40 open-loop prompt set aligned to retained reference models","Iteration3","iteration3","intermediate","intermediate","18","18","UB40-T018","UB40-T018","UB40-T018.stl","A straight cylindrical rod about 163.8 units long and 16 units in diameter. Near one end, a small transverse circular hole passes completely through the shaft, perpendicular to the rod axis.","31","190","data/reference_models/stl/UB40-T018.stl"
"UB40-I019","data/reference_models/stl/UB40-T019.stl","generated_outputs_not_included_in_release/open_loop/iteration3/deepseek_per_sample.csv","1","1","0.0223327352191817","0.16117769090169917","True","2.0","0.0","0.6893923478641627","0.09422281683154055","True","0.0223327352191817","deepseek","Open-loop Workflow","Retained40 open-loop prompt set aligned to retained reference models","Iteration3","iteration3","intermediate","intermediate","19","19","UB40-T019","UB40-T019","UB40-T019.stl","A plate-like solid about 107.95 units wide, 76.2 units tall, and 25.4 units thick. The lower portion reads as a rectangle, while the upper boundary rises into a broad arch with rounded upper corners, giving the silhouette a softened, sign-like appearance.","41","255","data/reference_models/stl/UB40-T019.stl"
"UB40-I020","data/reference_models/stl/UB40-T020.stl","generated_outputs_not_included_in_release/open_loop/iteration3/deepseek_per_sample.csv","1","1","0.019807631573654255","0.16792112286582003","True","2.0","1.0","0.565342460223495","0.0040579495518663355","False","0.019807631573654255","deepseek","Open-loop Workflow","Retained40 open-loop prompt set aligned to retained reference models","Iteration3","iteration3","intermediate","intermediate","20","20","UB40-T020","UB40-T020","UB40-T020.stl","A tall rectangular block with an outer envelope of about 76.2 by 50.8 by 152.4 units. Its key feature is a deep U-shaped slot cut downward from the top face, leaving two upper prongs while preserving the simple outer block-like side walls.","42","239","data/reference_models/stl/UB40-T020.stl"
"UB40-I021","data/reference_models/stl/UB40-T021.stl","generated_outputs_not_included_in_release/open_loop/iteration3/deepseek_per_sample.csv","0","0","","","","","","","","","","deepseek","Open-loop Workflow","Retained40 open-loop prompt set aligned to retained reference models","Iteration3","iteration3","intermediate","intermediate","21","21","UB40-T021","UB40-T021","UB40-T021.stl","A thin-walled bracket frame approximately 120 units long, 40 units high, and 21 units deep. Two side walls are linked by a lower bridge and an upper web that slopes instead of remaining horizontal, leaving a large open central window between them. Inside that opening sits a middle panel with one large circular hole and four smaller holes, and each end plate contains one small hole.","66","384","data/reference_models/stl/UB40-T021.stl"
"UB40-I022","data/reference_models/stl/UB40-T022.stl","generated_outputs_not_included_in_release/open_loop/iteration3/deepseek_per_sample.csv","0","0","","","","","","","","","","deepseek","Open-loop Workflow","Retained40 open-loop prompt set aligned to retained reference models","Iteration3","iteration3","intermediate","intermediate","22","22","UB40-T022","UB40-T022","UB40-T022.stl","A flat three-lobed washer-like plate about 299.75 by 276.72 units in plan and about 15 units thick. A circular through-hole lies at the center, the outer perimeter expands into three rounded lobes, and the regions between adjacent lobes are defined by inward-curving concave arcs.","44","280","data/reference_models/stl/UB40-T022.stl"
"UB40-I023","data/reference_models/stl/UB40-T023.stl","generated_outputs_not_included_in_release/open_loop/iteration3/deepseek_per_sample.csv","1","1","0.026713801303827403","0.09190703713036848","True","-12.0","1.0","0.45282611974165266","0.2690950891358198","True","0.026713801303827403","deepseek","Open-loop Workflow","Retained40 open-loop prompt set aligned to retained reference models","Iteration3","iteration3","intermediate","intermediate","23","23","UB40-T023","UB40-T023","UB40-T023.stl","An elongated mounting plate about 108 units long, 53.1 units wide, and 10.7 units thick. At its center is one large circular through-hole, around which four smaller circular holes are arranged, and near each end there is one additional mounting hole.","41","250","data/reference_models/stl/UB40-T023.stl"
"UB40-I024","data/reference_models/stl/UB40-T024.stl","generated_outputs_not_included_in_release/open_loop/iteration3/deepseek_per_sample.csv","0","0","","","","","","","","","","deepseek","Open-loop Workflow","Retained40 open-loop prompt set aligned to retained reference models","Iteration3","iteration3","intermediate","intermediate","24","24","UB40-T024","UB40-T024","UB40-T024.stl","A thin asymmetric plate about 193.76 by 160 units in plan and 10 units thick. Its perimeter includes a slanted side, a narrowed middle region, and a forked extension at one end; five circular mounting holes are distributed through the broader body area, and the forked end contains two long parallel rounded-end slots.","53","318","data/reference_models/stl/UB40-T024.stl"
"UB40-I025","data/reference_models/stl/UB40-T025.stl","generated_outputs_not_included_in_release/open_loop/iteration3/deepseek_per_sample.csv","0","0","","","","","","","","","","deepseek","Open-loop Workflow","Retained40 open-loop prompt set aligned to retained reference models","Iteration3","iteration3","intermediate","intermediate","25","25","UB40-T025","UB40-T025","UB40-T025.stl","A thin-walled rectangular box-like shell about 230 units long, 130 units wide, and 45 units thick. In plan view the outer boundary is a rounded rectangle, the vertical exterior edges are smoothly blended, one large face is open into a hollow cavity, and the opposite large face remains closed.","49","293","data/reference_models/stl/UB40-T025.stl"
"UB40-I026","data/reference_models/stl/UB40-T026.stl","generated_outputs_not_included_in_release/open_loop/iteration3/deepseek_per_sample.csv","0","0","","","","","","","","","","deepseek","Open-loop Workflow","Retained40 open-loop prompt set aligned to retained reference models","Iteration3","iteration3","intermediate","intermediate","26","26","UB40-T026","UB40-T026","UB40-T026.stl","A fastener-like part approximately 12.95 units tall, composed of a broad circular head about 10.5 units across and a short cylindrical shank beneath it. A polygonal socket-like recess is centered in the top face of the head and remains fully contained within the head diameter.","45","277","data/reference_models/stl/UB40-T026.stl"
"UB40-I027","data/reference_models/stl/UB40-T027.stl","generated_outputs_not_included_in_release/open_loop/iteration3/deepseek_per_sample.csv","0","0","","","","","","","","","","deepseek","Open-loop Workflow","Retained40 open-loop prompt set aligned to retained reference models","Iteration3","iteration3","intermediate","intermediate","27","27","UB40-T027","UB40-T027","UB40-T027.stl","A helical compression spring with an outer diameter of about 8.63 units and a free length of about 8.70 units. It is formed from round wire wound into multiple evenly spaced turns around a central cylindrical void, with a visually regular pitch from one end to the other.","48","271","data/reference_models/stl/UB40-T027.stl"
"UB40-I028","data/reference_models/stl/UB40-T028.stl","generated_outputs_not_included_in_release/open_loop/iteration3/deepseek_per_sample.csv","1","1","0.04099513221014827","0.11670297406367684","True","0.0","1.0","0.3652812066434248","0.2025953081760622","True","0.04099513221014827","deepseek","Open-loop Workflow","Retained40 open-loop prompt set aligned to retained reference models","Iteration3","iteration3","intermediate","intermediate","28","28","UB40-T028","UB40-T028","UB40-T028.stl","A regular hexagonal nut-like solid about 59.96 units across its corners, about 55.87 units across the flats, and about 30.63 units thick. A centered circular through-hole runs along the main axis, leaving a consistent wall around the opening relative to the hexagonal outer boundary.","44","283","data/reference_models/stl/UB40-T028.stl"
"UB40-I029","data/reference_models/stl/UB40-T029.stl","generated_outputs_not_included_in_release/open_loop/iteration3/deepseek_per_sample.csv","1","1","0.02530195574054642","0.06207929128153885","True","-14.0","1.0","0.4158209133862045","0.06295291907831535","True","0.02530195574054642","deepseek","Open-loop Workflow","Retained40 open-loop prompt set aligned to retained reference models","Iteration3","iteration3","intermediate","intermediate","29","29","UB40-T029","UB40-T029","UB40-T029.stl","A flange-type body with an outer diameter of about 228.6 units and a total axial height of about 79.38 units. Eight evenly spaced circular bolt holes are distributed around the outer flange plate near the perimeter, while a broad cylindrical hub projects from the rear center.","46","276","data/reference_models/stl/UB40-T029.stl"
"UB40-I030","data/reference_models/stl/UB40-T030.stl","generated_outputs_not_included_in_release/open_loop/iteration3/deepseek_per_sample.csv","1","1","0.06669540022858128","0.2855139531856169","True","-2.0","0.0","0.3312026646882591","0.16730243245199644","True","0.06669540022858128","deepseek","Open-loop Workflow","Retained40 open-loop prompt set aligned to retained reference models","Iteration3","iteration3","intermediate","intermediate","30","30","UB40-T030","UB40-T030","UB40-T030.stl","A bracket-like solid bounded by an overall envelope of about 110 by 85 by 55 units. One side carries a large cylindrical boss with a centered through-hole, an adjacent plate region contains one smaller circular hole, and the opposite end is cut by a deep side opening that leaves separated upper and lower projections.","54","318","data/reference_models/stl/UB40-T030.stl"
"UB40-I031","data/reference_models/stl/UB40-T031.stl","generated_outputs_not_included_in_release/open_loop/iteration3/deepseek_per_sample.csv","0","0","","","","","","","","","","deepseek","Open-loop Workflow","Retained40 open-loop prompt set aligned to retained reference models","Iteration3","iteration3","intermediate","intermediate","31","31","UB40-T031","UB40-T031","UB40-T031.stl","A right-angle bracket occupying roughly 381 by 158.75 by 44.45 units overall. Its main surface is a large rectangular panel, and along one side it joins to a narrower perpendicular flange containing four circular through-holes arranged in a vertical line.","40","255","data/reference_models/stl/UB40-T031.stl"
"UB40-I032","data/reference_models/stl/UB40-T032.stl","generated_outputs_not_included_in_release/open_loop/iteration3/deepseek_per_sample.csv","0","0","","","","","","","","","","deepseek","Open-loop Workflow","Retained40 open-loop prompt set aligned to retained reference models","Iteration3","iteration3","intermediate","intermediate","32","32","UB40-T032","UB40-T032","UB40-T032.stl","A plate-like solid with a regular five-pointed star outline spanning about 138.56 by 123.81 units. Rising from the center of the top face is a short circular boss, bringing the total height to about 32.03 units while the star body itself remains much thinner.","44","259","data/reference_models/stl/UB40-T032.stl"
"UB40-I033","data/reference_models/stl/UB40-T033.stl","generated_outputs_not_included_in_release/open_loop/iteration3/deepseek_per_sample.csv","1","1","0.01736227358096628","0.04947551619372118","True","2.0","0.0","0.198452267222235","0.10084672526675595","False","0.01736227358096628","deepseek","Open-loop Workflow","Retained40 open-loop prompt set aligned to retained reference models","Iteration3","iteration3","intermediate","intermediate","33","33","UB40-T033","UB40-T033","UB40-T033.stl","A shallow tray-like structure with a base footprint of about 420 by 260 units and a total height of about 325 units. A flat rectangular base supports one slender upright post at each corner, and the spaces between posts remain open rather than being closed by side walls.","48","271","data/reference_models/stl/UB40-T033.stl"
"UB40-I034","data/reference_models/stl/UB40-T034.stl","generated_outputs_not_included_in_release/open_loop/iteration3/deepseek_per_sample.csv","0","0","","","","","","","","","","deepseek","Open-loop Workflow","Retained40 open-loop prompt set aligned to retained reference models","Iteration3","iteration3","intermediate","intermediate","34","34","UB40-T034","UB40-T034","UB40-T034.stl","A thin plate about 170 units long, 120 units wide, and 15 units thick, with a softened octagonal or rounded-rectangular outline. Two circular through-holes sit near the opposite ends along the long axis, aligned with each other and separated by a clear central solid region.","45","274","data/reference_models/stl/UB40-T034.stl"
"UB40-I035","data/reference_models/stl/UB40-T035.stl","generated_outputs_not_included_in_release/open_loop/iteration3/deepseek_per_sample.csv","1","1","0.047452202974509694","0.16894904767063704","True","2.0","1.0","0.2228892089105716","0.39121034849356795","True","0.047452202974509694","deepseek","Open-loop Workflow","Retained40 open-loop prompt set aligned to retained reference models","Iteration3","iteration3","intermediate","intermediate","35","35","UB40-T035","UB40-T035","UB40-T035.stl","A rotationally symmetric solid round component with an outer diameter of about 59.21 units and an axial length of about 27.94 units. Three overlapping coaxial circular discs or rim-like flanges are arranged around the same center, creating a layered spool-like profile.","41","269","data/reference_models/stl/UB40-T035.stl"
"UB40-I036","data/reference_models/stl/UB40-T036.stl","generated_outputs_not_included_in_release/open_loop/iteration3/deepseek_per_sample.csv","0","0","","","","","","","","","","deepseek","Open-loop Workflow","Retained40 open-loop prompt set aligned to retained reference models","Iteration3","iteration3","intermediate","intermediate","36","36","UB40-T036","UB40-T036","UB40-T036.stl","A torus with an outer diameter of about 49.05 units and a rounded tube diameter of about 5.08 units. The ring is continuous, smooth, and fully closed, with a circular centerline and a circular-section tube all the way around.","39","225","data/reference_models/stl/UB40-T036.stl"
"UB40-I037","data/reference_models/stl/UB40-T037.stl","generated_outputs_not_included_in_release/open_loop/iteration3/deepseek_per_sample.csv","0","0","","","","","","","","","","deepseek","Open-loop Workflow","Retained40 open-loop prompt set aligned to retained reference models","Iteration3","iteration3","intermediate","intermediate","37","37","UB40-T037","UB40-T037","UB40-T037.stl","A ninety-degree angle bracket about 70 units long, 35 units high, and 20 units deep. The horizontal flange contains three larger circular through-holes arranged in a row, while the vertical flange contains two smaller mounting holes.","36","233","data/reference_models/stl/UB40-T037.stl"
"UB40-I038","data/reference_models/stl/UB40-T038.stl","generated_outputs_not_included_in_release/open_loop/iteration3/deepseek_per_sample.csv","1","1","0.06032075465776468","0.25407487606643797","True","2.0","1.0","0.6912576224883484","0.07895695759335408","True","0.06032075465776468","deepseek","Open-loop Workflow","Retained40 open-loop prompt set aligned to retained reference models","Iteration3","iteration3","intermediate","intermediate","38","38","UB40-T038","UB40-T038","UB40-T038.stl","An upright block with overall dimensions of about 50.8 by 50.8 by 101.6 units. Its top edge slopes from one side to the other rather than remaining level, and one side contains a deep rectangular recess that removes enough material to create an L-shaped side profile.","46","267","data/reference_models/stl/UB40-T038.stl"
"UB40-I039","data/reference_models/stl/UB40-T039.stl","generated_outputs_not_included_in_release/open_loop/iteration3/deepseek_per_sample.csv","1","1","0.030319693730935127","0.19908298584871295","True","0.0","0.0","0.6861259751648643","0.13473372653621973","False","0.030319693730935127","deepseek","Open-loop Workflow","Retained40 open-loop prompt set aligned to retained reference models","Iteration3","iteration3","intermediate","intermediate","39","39","UB40-T039","UB40-T039","UB40-T039.stl","A clevis-like block about 127 units long and about 50.8 by 50.8 units in the other two directions. One end forms a rounded lug with a circular through-hole, and a top slot cut into that same end splits the material into two parallel arms.","44","238","data/reference_models/stl/UB40-T039.stl"
"UB40-I040","data/reference_models/stl/UB40-T040.stl","generated_outputs_not_included_in_release/open_loop/iteration3/deepseek_per_sample.csv","1","1","0.06809554553864895","0.3786246490318923","False","0.0","1.0","0.4913321432728451","0.08221637027249201","True","0.06809554553864895","deepseek","Open-loop Workflow","Retained40 open-loop prompt set aligned to retained reference models","Iteration3","iteration3","intermediate","intermediate","40","40","UB40-T040","UB40-T040","UB40-T040.stl","A bracket-like solid about 79.86 units long, 50 units high, and 40 units deep. One end is rounded and contains a circular through-hole, the opposite end thickens into a terminal block, and a triangular support rib rises beneath the upper arm.","41","242","data/reference_models/stl/UB40-T040.stl"
